tp,fp,tn,fn,dsc,iou,precision,recall,specificity
13227.0,0.0,50275.0,2034.0,0.9286015164282203,0.8667190878719172,1.0,0.8667190878719172,1.0
8501.0,0.0,54902.0,2133.0,0.8885288737920641,0.7994169644555256,1.0,0.7994169644555256,1.0
8898.0,0.0,54686.0,1952.0,0.9011545472964292,0.8200921659002757,1.0,0.8200921659002757,1.0
9372.0,0.0,53862.0,2302.0,0.8906205454723434,0.8028096624995477,1.0,0.8028096624995477,1.0
9233.0,0.0,53925.0,2378.0,0.885914411821695,0.7951942123865714,1.0,0.7951942123865714,1.0
5753.0,0.0,57815.0,1968.0,0.8539409232606952,0.7451107369544734,1.0,0.7451107369544734,1.0
3769.0,0.0,60933.0,834.0,0.9003822264703728,0.8188138170797564,1.0,0.8188138170797564,1.0
15897.0,0.0,47627.0,2012.0,0.9404839377627034,0.8876542520526682,1.0,0.8876542520526682,1.0
7984.0,0.0,55100.0,2452.0,0.8668838219334045,0.765044078193129,1.0,0.765044078193129,1.0
9575.0,0.0,53435.0,2526.0,0.8834655840566366,0.7912569209173518,1.0,0.7912569209173518,1.0
5404.0,0.0,58155.0,1977.0,0.8453656628874042,0.7321501151641763,1.0,0.7321501151641763,1.0
23454.0,0.0,39422.0,2660.0,0.9463363460298049,0.8981389293103388,1.0,0.8981389293103388,1.0
15113.0,0.0,48238.0,2185.0,0.9325846163341687,0.8736848190549562,1.0,0.8736848190549562,1.0
16716.0,0.0,46496.0,2324.0,0.9350039154269633,0.8779411764712293,1.0,0.8779411764712293,1.0
2103.0,0.0,62653.0,780.0,0.84356197352901,0.7294484911644312,1.0,0.7294484911644312,1.0
11986.0,0.0,51278.0,2272.0,0.9134278311236342,0.8406508626747043,1.0,0.8406508626747043,1.0
19867.0,0.0,43155.0,2514.0,0.9404942245788191,0.8876725794205457,1.0,0.8876725794205457,1.0
13074.0,0.0,49669.0,2793.0,0.9034933139839553,0.8239742862555999,1.0,0.8239742862555999,1.0
20452.0,0.0,43401.0,1683.0,0.9604808979266901,0.9239665687828147,1.0,0.9239665687828147,1.0
10250.0,0.0,53252.0,2034.0,0.9097363983318109,0.834418756106851,1.0,0.834418756106851,1.0
5022.0,0.0,58737.0,1777.0,0.8496743084354144,0.7386380350089919,1.0,0.7386380350089919,1.0
4035.0,0.0,60439.0,1062.0,0.8837056504611945,0.7916421424408153,1.0,0.7916421424408153,1.0
6467.0,0.0,57069.0,2000.0,0.8660774072595013,0.7637888272143168,1.0,0.7637888272143168,1.0
4578.0,0.0,59917.0,1041.0,0.897911150339336,0.814735718102603,1.0,0.814735718102603,1.0
3284.0,0.0,61454.0,798.0,0.891664404019934,0.8045075943213006,1.0,0.8045075943213006,1.0
7225.0,0.0,56745.0,1566.0,0.9022227772233877,0.821863269254671,1.0,0.821863269254671,1.0
16842.0,0.0,46084.0,2610.0,0.9280872871550998,0.8658235657008748,1.0,0.8658235657008748,1.0
4189.0,0.0,60253.0,1094.0,0.8845016891904086,0.7929206890063805,1.0,0.7929206890063805,1.0
4251.0,0.0,60194.0,1091.0,0.8862712394466145,0.7957693747698283,1.0,0.7957693747698283,1.0
12875.0,0.0,50164.0,2497.0,0.9116012319895508,0.8375618006776115,1.0,0.8375618006776115,1.0
8570.0,0.0,55096.0,1870.0,0.9016307206738473,0.8208812260553555,1.0,0.8208812260553555,1.0
3488.0,0.0,61061.0,987.0,0.8760517392957924,0.7794413407870516,1.0,0.7794413407870516,1.0
